{
    "accuracy": 0.819680661162047,
    "precision": 0.8196278073388302,
    "recall": 0.819680661162047,
    "f1": 0.8196478062442821,
    "roc_auc": 0.8378769214031087
}