{
    "accuracy": 0.8193882124165381,
    "precision": 0.81939323464083,
    "recall": 0.8193882124165381,
    "f1": 0.8193830422865659,
    "roc_auc": 0.8375735539254522
}