{
    "accuracy": 0.819585710270648,
    "precision": 0.8196342224432285,
    "recall": 0.819585710270648,
    "f1": 0.8195990352770908,
    "roc_auc": 0.8372904975392239
}