{
    "accuracy": 0.4582899724262611,
    "precision": 0.4838122491912603,
    "recall": 0.4582899724262611,
    "f1": 0.4510062818779228,
    "roc_auc": 0.6546530757127125
}